{
  "calibration_model": {
    "intercept": -1.2869323796445131,
    "coefficients": [
      0.43878523552823606,
      0.38915256867999465,
      0.4721671602143604,
      0.31615887177399493,
      0.3951705715553835
    ]
  },
  "scaler": {
    "mean": [
      2.1733660682422467,
      0.41318004211136744,
      78.99436343858616,
      -3.1596332218669445e-05,
      -0.0003057668115413311
    ],
    "scale": [
      0.31490712773336316,
      0.04725341828353281,
      10.113027975651068,
      0.003279178817759613,
      0.0031806554856307428
    ]
  },
  "optimal_betas": {
    "Neuro": 5.485296419742552,
    "Cardio": 19.99999368843945,
    "Frailty": 19.99999368843945
  },
  "classification_thresholds": {}
}